,temp_max,temp_min,mole_max,mole_min,temp_select,concen_select
0,3222.2674344313214,2054.340073966013,0.5687408493190064,0.3815136352224805,2920.745755832901,0.4933989672507074
1,2917.661813383407,2498.8612560372126,0.505426420450838,0.44542642045083797,2653.7739849648074,0.4636628813445888
2,3688.854875435102,3236.622261018882,0.4209552419052221,0.15652354332340496,3674.0918742506037,0.2703278705743273
3,3576.1941950466544,2392.055928538898,0.5027321493603127,0.4427321493603128,3512.0221057967246,0.4503875052185311
4,2684.3678517655453,1117.9696866657382,0.4000144721679059,0.12387853975323154,2379.382033314084,0.23324531083399463
5,3971.320342894841,3571.320342894841,0.4453603482037447,0.17876941205885064,3892.6774103805,0.23263721174264776
6,3723.3516712863843,2505.642623202427,0.4546571611105412,0.24201299780940622,3230.669110291303,0.3422108239468563
7,3010.676306429737,1023.0165826251945,0.5181169712990479,0.09771716300008523,1695.0830793450668,0.26297279733263085
8,2892.6539458013453,2181.7645891944208,0.31682855583928704,0.2164617174465011,2434.126516305295,0.3060934491181155
9,3076.1596507598674,2229.4176887578806,0.4636989273037925,0.4036989273037925,2926.3674566913455,0.4326464117019802
10,3863.8679450931304,3154.9798429118605,0.5691124675996975,0.3137214186592294,3298.440186954998,0.45581852751655305
11,3551.2295940132244,2006.7682024128187,0.30655665742150695,0.11260466450613206,2032.4280552184298,0.29888907146928767
12,3083.3255529476864,1193.0607865946715,0.21954643204336816,0.12824237292169754,2558.473496814299,0.17889855293624368
13,3846.1497069525276,2900.270174012993,0.3474247633199275,0.27865936247631595,3700.8979815494927,0.31166132322380546
14,2393.836769010718,1993.8367690107182,0.4044836187604606,0.14736621571821035,2239.849601851841,0.3566138643211635
15,3304.9202349434668,984.8372752363963,0.4128773590108907,0.2259499060617417,2050.82480565184,0.31700723308756396
16,3199.8438916223495,1368.579205340259,0.5760890836397992,0.4647063504537203,2082.394695769902,0.5290283972527018
17,3599.3859227778,3022.506564360574,0.217526513988419,0.08441212584015743,3191.882716623275,0.12428534128565535
18,2790.4179415210265,607.2745235052063,0.5099898235544998,0.3013009423714895,1608.5611304638123,0.37130037901063506
19,3225.0618894449467,2453.378718880876,0.5265084487032288,0.39692391003791505,3017.313281577729,0.4576335709568052
20,3019.833507331456,2294.4728931813893,0.36308169363238607,0.21195284943996193,2856.324578875391,0.3627119992064976
21,3742.4479847149437,2994.191433102013,0.3852077916460418,0.2245664186351365,3211.455368629318,0.24192844279563133
22,3324.214249619427,2924.214249619427,0.3854744701446997,0.29833361161550637,2945.946748177187,0.3787634583696241
23,3669.3462427996046,3175.0256112907077,0.4972065634503261,0.43396054081435764,3200.9679208496254,0.4917744403438226
24,2689.20365558856,2170.486566944194,0.3758239864458639,0.2830228078612483,2177.990001921495,0.3260705782262069
25,2540.247856347013,1618.1492304493004,0.5049665938318109,0.4314532705229343,1860.5562708546072,0.47869889383954023
26,2828.2704438471405,2365.5696729850797,0.3651584061366378,0.2123240850788723,2653.572018725874,0.24209830588047554
27,3481.9134392169344,2924.4104053666947,0.508306667782114,0.39643444828067814,3431.534892405284,0.4048376768551091
28,3348.388247149216,2948.388247149216,0.5727854500981877,0.4919912057607345,3148.4159080592467,0.5271502043021219
29,1930.002873085548,1113.3795702744815,0.5823815373349782,0.5094561245544338,1553.3784535968862,0.5394588994500306
30,2966.460671475763,1223.53507984328,0.2895904274046572,0.13537617913716143,2499.6599482890315,0.1732250322188536
31,3864.295717844326,3464.295717844326,0.44441612338017433,0.36648785821993124,3812.790416071432,0.3973896394071171
32,3371.1270810596598,2843.6460577485523,0.5543768305442157,0.4449332431233653,3218.1934475429043,0.5101627449568134
33,3285.849174085492,2583.77001734297,0.5595190979149718,0.453402709660346,2679.7805687924,0.45901486807625774
34,2733.0835094097656,1393.7331697213094,0.33170306062859023,0.1757068521445501,2448.605372847252,0.31563437485756873
35,3315.2180645002595,2746.892855882302,0.5514702123689987,0.19101188531300728,3250.914424069264,0.2538905385266483
36,2139.6443570634024,856.081432755381,0.5165601201557546,0.1950290064318681,943.3953107085842,0.33818083567348634
37,2383.1856490713153,1983.1856490713153,0.5758569980466903,0.5158569980466903,2038.6385456063408,0.5703003678012715
38,3007.131762543754,2607.131762543754,0.5143992616040456,0.45439926160404553,2889.502762152096,0.45837877665316956
39,3020.3332146280336,2483.0462396286302,0.5556934107673739,0.28944505103999263,2691.3731658164206,0.39833991451990325
40,1921.3695341394964,1428.633192226947,0.5456367172638349,0.2528238321607778,1599.0838812254879,0.25791666114983236
41,2933.6726416938586,2533.6726416938586,0.41469900081101474,0.1859354548737975,2711.566739396456,0.24404452324493042
42,2381.9601022367888,1069.0365294549986,0.3918165742314758,0.3318165742314758,2246.0310276547616,0.3630786891759623
43,3101.561300842448,1682.309258757518,0.37636040831032613,0.31636040831032614,2838.916705781571,0.3209089629815879
44,3511.5349143281924,815.1953382004863,0.5343836138016607,0.3478990388130687,2481.1738610439816,0.4239612988256699
45,1823.5537872995915,1375.0960316070898,0.5727751002962945,0.43314430617306393,1397.0333221751112,0.46268185947022866
46,3893.7780994447103,3493.7780994447103,0.32438346897402515,0.1713559169592365,3711.441676839517,0.2496219671628187
47,2029.0148788065567,677.6315793109808,0.24663407811538587,0.18663407811538588,1369.267553659886,0.24562543429075595
48,3599.6576884741125,981.5003430163183,0.3189071895011778,0.1303605993186954,3289.481168192742,0.22567801911154556
49,1293.3990354248542,869.6259688817782,0.4471625145495186,0.20358411352103134,926.9985277483075,0.22770855384312874
50,3510.0918092906704,1177.1041934834705,0.5615587614088291,0.47379262117398424,1993.7503105416192,0.5366947761729809
51,3643.8054708031586,933.2733081712403,0.5969219029178721,0.5369219029178721,1858.772876440417,0.537893771624521
52,3122.9028363158695,629.4448802766899,0.47486090407216824,0.40123934238187475,2949.341785727005,0.4327859546904306
53,3490.593425652054,1878.1752023015345,0.42224056701522306,0.36224056701522306,3468.808547421795,0.3716016646610445
54,1873.9980011900675,887.3489446788009,0.5803602997381945,0.5203602997381944,1011.116358835519,0.5794403779652215
55,3943.84992733551,3543.84992733551,0.4404695626202134,0.18322963445571228,3594.5361988731447,0.2501825114385422
56,1683.2714001626705,707.2184767018658,0.45908847678764153,0.26925320614877923,1104.5209748480163,0.45528135592123753
57,3681.6241712646915,3281.6241712646915,0.5223696502282145,0.08143186498643264,3300.8041694393805,0.2565617534253148
58,3624.6193914429095,2940.450575013337,0.4160188053635122,0.33533203590024946,3130.698661698154,0.38396781679273884
59,3287.2297637060105,841.5792296362501,0.32163465019856957,0.17481138204509444,3264.9776697099946,0.2338181964907808
60,3379.2754461529557,2206.0414100993594,0.42307300532415965,0.1449531416644676,2705.3959555006745,0.4195677229632009
61,2933.5625703847127,1926.5946263535382,0.5970464532293285,0.5370464532293284,2529.393412828548,0.5410583320086969
62,2166.2243568451304,1745.4137217924203,0.47314863567306015,0.27739271071835253,1956.3846181090903,0.4146633147370813
63,3772.696576423557,3372.696576423557,0.3951519843874749,0.1864250964917023,3593.513389225974,0.20973156528216097
64,2014.133320541993,911.54095280059,0.2592183813301557,0.19921838133015568,1991.3641181343366,0.2588104811321964
65,3702.672980237356,1512.6702522035453,0.5619885789390242,0.4710033817510229,3213.423868215297,0.48048347137414005
66,3676.1720250340954,3200.40081943404,0.5537037988425759,0.37124038628005535,3403.485967930542,0.5368135987975577
67,3903.6327916961263,3321.803440185365,0.49033088492014026,0.32567958960694043,3718.95920780501,0.34354058187466185
68,3996.2324562417634,3596.2324562417634,0.3138128782767493,0.19407704930616232,3964.384053900895,0.19438655145752456
69,3847.131908777873,3302.86305769654,0.37487810478239386,0.3016802453047549,3348.8120575090134,0.35431969838958355
70,2685.424537246292,2285.424537246292,0.4343752682453905,0.31552930526256623,2630.8004019580176,0.3831374523132805
71,2365.8764508167833,1633.0081984316296,0.41921526959442623,0.15574672753326788,2094.674479866875,0.20947606941103541
72,3710.200105606962,2471.0829521872342,0.3618535283614429,0.08224366823594126,3078.1020510125963,0.11204024563502908
73,3644.8263886728323,1126.5161769332753,0.3559576981078149,0.2959576981078149,2922.833248476675,0.34663907294806184
74,3683.5186331992354,2819.49666260344,0.4609841247561482,0.08268632444858215,3431.147241309082,0.35332657962400704
75,3059.6269393662387,1017.8545617789339,0.4637822599278085,0.29647696500771686,1115.535382084667,0.4231768600070494
76,2953.9285042385504,1678.9449702553165,0.2574171897766916,0.09582252398130463,2357.173469569399,0.1533142590274069
77,2305.566790013915,1448.8011870238367,0.5265543305496371,0.38429317366204147,1872.790149213758,0.5127045115883032
78,3002.107506890224,1658.03435381141,0.5218993200483444,0.46189932004834433,1871.727872545427,0.48567262900083114
79,3494.874005473752,2505.2470726890524,0.4294293630148188,0.2972753540701689,3108.634589891048,0.3215403227850946
80,2432.299828023163,1611.3767553844132,0.5828012761547701,0.5218944623204753,1630.1315828825882,0.5570386019344794
81,1875.0704559460291,655.9005501830528,0.5488609876535817,0.44543960326306625,897.744537080062,0.510854320675575
82,3084.129448058321,649.4954788023902,0.5225799158230355,0.35020889041758396,1366.311297429572,0.4540506545907723
83,3121.9656662937996,2496.9456557368435,0.5548678668789664,0.3824396652970922,3042.3497725418088,0.4945613965659374
84,3394.8502155579013,2313.5102019797937,0.5401753581972436,0.41188549910302785,3147.7522588555225,0.493448940172778
85,3288.9606487849683,2888.9606487849683,0.22527634273125616,0.09527334193786946,2962.891674024454,0.11757330123929437
86,3929.9953763711715,3529.9953763711715,0.5359586315663809,0.36499197972115216,3753.293975126711,0.4238539279262937
87,2142.608094439982,719.3894250671349,0.5223529498328712,0.4623529498328711,1033.2161870996886,0.4842194395143873
88,3747.006830014093,1719.4726583327365,0.5441208492653078,0.48412084926530774,1905.0553799030179,0.5179852186299154
89,3504.7763778982635,3104.7763778982635,0.5673875734963412,0.3345505196392411,3402.983973182768,0.5155379721548233
90,2645.943607031137,1621.6910789219785,0.4779016541721283,0.08848396075363084,2499.4668463340286,0.34742790025220427
91,3063.834010485059,844.0304552725357,0.5526695740829497,0.285951959948549,2401.9530637789826,0.32342522881836555
92,3628.9163332272487,3228.9163332272487,0.5189732798711125,0.3032490834723214,3509.009052296426,0.37299705343826556
93,3685.507426960824,3279.3979971262124,0.5572430052527421,0.2261903194206838,3676.7191750349725,0.37146032640216686
94,3394.9148446796275,2628.4181618006446,0.5516254441612289,0.14431744974018795,2882.7277055729073,0.33574208615783363
95,3189.29982320805,1886.2324541388384,0.5732444097978204,0.5132444097978204,2902.6860543987336,0.526836101489504
96,3701.605964335079,2475.867092055097,0.3342889450430153,0.17547436910263964,2789.7304895463144,0.30447300246197495
97,3919.316036837799,3461.376975863993,0.5071438975209019,0.4471438975209019,3532.968184391052,0.4636880669140153
98,3583.8426193259597,1343.5146332457716,0.44504465375908575,0.23759636994254515,2282.957926976007,0.3504171340650099
99,2970.9039067630756,2570.9039067630756,0.5377316405645902,0.3994170301914345,2593.5954106139056,0.5312176647600313
100,3613.2969443939373,2553.7709895333624,0.46466098515954357,0.10100382261130818,3345.886211589882,0.3621082279782514
101,2740.8780378925103,1659.4918070652693,0.5853672367697954,0.47547340628685747,2327.5928752436243,0.5085314572784272
102,2661.5637150170987,1200.7150390201352,0.4315878165362478,0.3715878165362478,1929.9757204823309,0.42000009286040985
103,3393.293076195572,2785.015845214657,0.23139973164358063,0.15385262309765607,2843.296393608742,0.19932712268342168
104,1919.2436129542823,1110.6041763750743,0.49956900027611273,0.16340992210430139,1309.7807549372096,0.407860184507604
105,3389.2778880954493,2045.7492092771342,0.31606424881343853,0.11954734784440019,3378.9409092418327,0.24722154377314212
106,1590.0440200750645,588.3859766801845,0.3783715499351544,0.2437280366225661,1219.575011581951,0.36393236046431704
107,2102.8796480809906,1210.1879392461642,0.512508527077911,0.45250852707791095,1902.3011195245572,0.47441528682985723
108,2318.880579286311,831.4997869636572,0.3981808456931568,0.33367903031264856,2279.1247910340735,0.37175981866948615
109,3031.749501736838,2629.8404686886897,0.32117063153794756,0.17768097345591802,2732.1319448261543,0.25805361230669155
110,2885.807885951622,2485.807885951622,0.5741046400013117,0.4521613260652438,2492.7030816301003,0.4760399008556355
111,3087.0254787593635,1237.127781738166,0.5494812085680305,0.4257998541344119,1952.2881473073442,0.5124916159682145
112,3483.358161836094,3042.228431986042,0.5364590002834744,0.4764590002834744,3217.311440509729,0.5196521350689047
113,3358.5639487507474,2958.5639487507474,0.46686175287394127,0.4068617528739413,3078.991800349704,0.43429299638279306
114,1261.601809890097,675.4369561197018,0.5181307037622229,0.309952865113218,1006.6416269696505,0.42650714444375654
115,3954.9672517281356,3554.9672517281356,0.18176593306311467,0.12176593306311467,3701.2440690990625,0.1765533555618496
116,3857.1096090452584,2839.975578712162,0.3766221970585566,0.31624774512070347,3765.5108693534803,0.35034981273958876
117,2713.280663313323,1962.5468817728852,0.4322528094134341,0.3722528094134341,2694.1850419923276,0.41462805783473744
118,1657.6006967676997,1257.6006967676997,0.4686341277046219,0.3657382672501001,1307.7379173389284,0.4585710496267676
119,3568.581218764066,1477.6299488685138,0.2049425192158722,0.07455472072945359,3006.047213174828,0.14130241519279702
120,3686.5863112490288,2642.8315946722096,0.48327772257048085,0.12365217259993203,3413.3362676981055,0.40343950561796693
121,3593.7734709868714,3014.751206825681,0.5509418095788947,0.2561090616868043,3587.585359851971,0.46875590499135605
122,3719.3882207441984,2995.7278193799066,0.5581941734038605,0.3680351389536303,3566.6516798487555,0.48033414158253945
123,3495.851703250043,1997.847951944235,0.44284270885198374,0.1439318112920315,3249.6473682978494,0.3228931773849697
124,3978.525914090747,3578.525914090747,0.336769120287701,0.276769120287701,3903.3216003317184,0.3309041319318391
125,3007.2480905816337,1910.5446801750265,0.5872257692561733,0.5272257692561734,2984.2910302035343,0.5434311050448206
126,1536.4820955584983,896.9278701633417,0.5008141178810196,0.36628065817571953,1470.3539733547786,0.39089292062607783
127,3792.1974353940172,3392.1974353940172,0.40042591915021186,0.23126891919211554,3721.976519220142,0.30818190085809327
128,3178.8424854414634,837.9978127214257,0.38939140743261347,0.22371901498622346,1066.8801018401082,0.34164255847932484
129,2281.1226303127387,1083.470624243862,0.49296602052221516,0.2696642685197103,1419.9593647506886,0.4401576449040958
130,3818.9426383235486,2464.1634466837527,0.2775715525698768,0.2043813878131536,3633.743705804472,0.24063291336338488
131,3374.935912242348,2974.935912242348,0.2268589059698159,0.12594358726430693,3220.5160217298635,0.181668864286307
132,2506.0807734911414,1567.1324887943936,0.2395389903560441,0.08294990358264305,2388.9554693225705,0.14252030661138335
133,3593.050536771788,2528.178196281897,0.5093158611618906,0.20063179788189936,3151.0019249408647,0.36924804413362955
134,2275.3099743324,1085.7245797702267,0.5648819830012972,0.2786543643646813,1902.6434926132424,0.45551558710613776
135,2417.1251623493954,1397.2119391097287,0.41667410681680983,0.18293218000981867,1584.377271422239,0.23194760950754054
136,3795.687964516794,3395.687964516794,0.43451090296543765,0.24389813160310267,3458.753997891767,0.386931383894344
137,3344.6910564562418,2944.6910564562418,0.4184366534456585,0.3255219595905168,3300.690698506439,0.3530044735508709
138,3441.346805642521,1870.1417320586877,0.4985710411449611,0.28042245813967626,1912.3185207542626,0.3834444717977624
139,3342.3187018424233,1926.9710201555756,0.1526940075507548,0.09269400755075478,2486.9497716340165,0.12608826355550307
140,3049.262386381196,1437.2570721316533,0.574712750642333,0.4995809001630922,1710.9650662403844,0.5235434786399524
141,2825.1282507857914,1792.6507317261294,0.45217846996620725,0.12296848719427148,2276.1523127361215,0.2176692394468333
142,1322.3335248849596,686.4176048629402,0.36501181032349483,0.30501181032349484,1150.093493949303,0.34283712201081373
143,1507.5457059897576,725.1466618571668,0.232380887321563,0.13606047278334735,1258.0656808091326,0.16393297303485987
144,2476.066866310969,580.062689850705,0.581439576932127,0.521439576932127,1657.8578730932254,0.5675152249723869
145,2637.6174362652796,677.3940797736404,0.499823682924408,0.439823682924408,1803.4293907644505,0.47909063649888795
146,1639.7964526569567,965.6797830568448,0.24669046088268265,0.18669046088268265,1325.9941134695064,0.2081095049888499
147,1472.8756595918417,524.7669007192794,0.43084742372541324,0.3163258048167351,1157.6592735808536,0.39092638242880934
148,2230.9768477228063,1035.5664383027065,0.42054294126137104,0.26821726340637875,1546.567631543789,0.298332565221584
149,2605.9881448656333,1426.895724753304,0.3313348830344004,0.19581229813076748,2481.6881880007977,0.308226163067004
150,3708.2912618865403,2250.212392892842,0.5377148219513938,0.09667268043880525,2635.252259433397,0.1616382121279134
151,1486.858875784003,749.7854315538103,0.27854167617628267,0.20017279260354134,767.7064522207465,0.24775139797853718
152,1662.9430547581464,629.8211739242904,0.4968677478634995,0.33467043316846934,1586.109652339204,0.4118833739393859
153,3194.9635318947853,2794.9635318947853,0.34910728592206425,0.22695708161970868,2795.332462157681,0.3126913458122137
154,2163.509738453542,1445.5944749494083,0.5283895739242834,0.43932341626878396,1513.9102890805582,0.4964995861851203
155,2730.096192249498,2330.096192249498,0.45565566895769594,0.17702155003127878,2405.937421917968,0.3602450806297478
156,2421.311716134358,684.0392079159606,0.5476126895247715,0.4646554013182147,1741.631443528611,0.5269119781695674
157,3863.645596971126,3463.645596971126,0.34765806387503057,0.21531288061245837,3689.332699363006,0.28571224984943067
158,2615.212184871607,2215.212184871607,0.5065415776802427,0.24536358183911416,2273.977968273355,0.40744809398972337
159,3347.0256874837837,2769.7319613377267,0.33814703309881033,0.27814703309881034,3221.438650143907,0.29196546545580204
160,1707.6725510972756,938.4633516873995,0.5580614652123123,0.3169274875473401,1432.2945024807998,0.45515377090350095
161,2055.34970677055,887.9792465493192,0.27025506820364786,0.19691865369393902,1825.925043070045,0.2630507734040673
162,4007.048898828445,3607.048898828445,0.5184467738084763,0.40216955715321345,3647.2871161797584,0.40309764286372657
163,3656.72037948664,2657.1824199589532,0.5430035052094878,0.38606126265811336,3087.190214677682,0.39562679612031215
164,3752.969984101178,3287.6135295836125,0.27643902708784424,0.16293458692475932,3454.8816796146334,0.17494797182949867
165,3179.973817914752,2291.6260517396677,0.5668786398246146,0.4870227548415172,2624.9005171221543,0.5092972470535886
166,3921.8774985142445,3263.5176537031775,0.5680014813112662,0.5080014813112661,3571.162500797754,0.5370238795545154
167,3918.336706454629,3518.336706454629,0.4447655436128606,0.24452571404818566,3702.5035611219982,0.3981555599887766
168,2125.449220668608,1725.4492206686084,0.5659528582524058,0.38444166637997323,1736.244914767798,0.5589352119249642
169,3643.8859902461872,2707.3483948402522,0.4867116179390071,0.22957513485869982,2813.3428311446573,0.278494894244508
170,3309.679561364614,2052.632519884728,0.4593621861561449,0.3500597436705901,2664.0430053866335,0.43232162027758075
171,3904.674144556262,3233.5736766093105,0.5750449149961072,0.3872064333966914,3902.248334816135,0.5516247513288822
172,3669.76283314942,2543.285550658517,0.3258563195851161,0.08733024152584164,3087.841540094134,0.1669829302410357
173,3715.84598126496,2764.845619548397,0.5511787880798629,0.23645512390681012,2801.5756279481457,0.48057444870369426
174,3826.391132009959,3426.391132009959,0.3890728679367673,0.14216088537955207,3648.672920701563,0.1724774104242225
175,1614.2494674376019,1214.2494674376019,0.3825081461596864,0.16981760772377,1385.5583791198237,0.24651845681359408
176,2525.5454245144165,1183.4039574096516,0.5874223200966961,0.5274223200966962,1696.2500757487246,0.5580331867115859
177,2800.7448882904964,1044.6841008199578,0.466106157633166,0.3229106940261333,1645.9706359546742,0.3937608841784738
178,1866.132313863219,887.5345915511983,0.5590542708917761,0.19959470389410583,1169.0779604195423,0.20556746328207873
179,3790.3492606308537,2042.5739274207017,0.5942336595441855,0.5342336595441854,2128.3181139895974,0.587536884989026
180,3660.750700517644,2919.8813322434744,0.29050015995144834,0.1431793260003801,3167.8107210556745,0.2900625770416926
181,3623.888818979834,1518.8613012044557,0.2643346885720519,0.09511196926168264,2247.9236349139837,0.2623374635704179
182,2671.553857747467,2271.553857747467,0.40362220961735007,0.23582782993949783,2624.9523466239993,0.33368377688897877
183,2205.5118631757423,1766.5089779684229,0.4513010621845778,0.2924197508347267,1838.9766820158013,0.3664604530615054
184,3776.145376065644,3036.9649603623648,0.46943190346347274,0.3986379055934728,3766.507212612994,0.4359228877059812
185,3705.290670397552,3077.1094452076154,0.5762112658625733,0.3959700400013998,3213.561865428624,0.4124018767603742
186,2967.419196552778,694.2929168657929,0.5404178661462351,0.48041786614623516,2874.011283079591,0.49864772794301304
187,3368.1725675274147,1610.4078450887616,0.5407712659286932,0.37476119006433706,1930.2687023559697,0.4750254364868431
188,2460.924546572565,506.90957159239053,0.5095166677812553,0.25925165768257535,1893.387469678219,0.4236283286059841
189,3626.7764930183193,2667.3951986916004,0.44297985309049326,0.1410638858950692,2707.9395489385042,0.18271908506417292
190,2691.0532560777283,1770.073330196943,0.4798766358231707,0.4198766358231707,2527.9445001386907,0.45062947549543997
191,3871.103913589155,3070.164279999775,0.5729813400324135,0.49938407504973037,3071.7386554086024,0.5313657285602169
192,2475.5490942001793,840.3694252119429,0.5552047180547497,0.4340791504800246,1060.6013606385284,0.5005821861440413
193,2790.668559214602,903.443144666583,0.27951640624012203,0.16871467490092645,1033.793077659735,0.19416571837795255
194,1740.0392408856565,977.8108002103363,0.5186146302124641,0.17799936598593852,1179.9715966335748,0.3664501884144413
195,3548.1148047004026,2937.997213891162,0.5957766119023455,0.5357766119023456,3028.345198636089,0.5873304298265789
196,2411.1628176511326,2011.1628176511326,0.49956760796060573,0.29197126363151116,2239.134255067213,0.49628735553999526
197,3703.4611510771783,2630.3719305169025,0.3057938258017561,0.1978271693315495,3494.534474497224,0.282166744231162
198,1788.4610427840846,1388.4610427840846,0.5431003231454179,0.33658113604091106,1460.4954510643765,0.37200817314668866
199,3118.093313648481,1956.8755334485809,0.5065886881243505,0.12037364104355026,2380.2651048204452,0.4880023450141647
200,3584.5725415568313,3184.5725415568313,0.3350950725954123,0.21300380687988815,3258.965401065228,0.2587815115322164
201,3383.645107434755,2193.7620078762925,0.21609773566727536,0.08288459042134115,2733.6372230847674,0.21206321687135815
202,3199.3956418043226,2604.7537866359803,0.5345186646889852,0.11203628120467785,2907.153712804429,0.4333129357922594
203,2741.6519795342383,2226.2883055826082,0.4574661889184135,0.2064531068125311,2382.5918641769726,0.21942701017457872
204,3889.4997689530533,3489.4997689530533,0.535408852318483,0.4680444760643458,3821.2633190157103,0.509440311746257
205,3660.3084513486338,3260.3084513486338,0.36714726324392954,0.1032340060508433,3312.4939284702473,0.3470346214115354
206,3560.632428932336,3160.632428932336,0.5828421248066534,0.4978172087769108,3494.7555372622696,0.4987102060541305
207,3886.267636503769,3486.267636503769,0.38489121781543817,0.09159381482349584,3625.00830712953,0.38311096022448177
208,2662.159291480458,1156.804430520188,0.43729667077062506,0.3059259286243642,2129.253285638487,0.4064568287679432
209,3340.2643881475187,2708.9043644785083,0.4194467204013364,0.08073845438912043,2719.496728116361,0.25808741078185915
210,3759.764765191111,2791.3327587933813,0.41802640745877495,0.12969103332488668,2953.453899871916,0.32406776826329214
211,3858.864776225163,3305.606559339021,0.5033984100469588,0.10486901731802473,3628.382430832274,0.27472699943377754
212,3564.6195387636076,2956.7729024857217,0.46103704733108036,0.40103704733108037,3361.0921302335887,0.40325790628441527
213,2005.8141780779424,1365.5988901436256,0.5839871912736279,0.4720867312578835,1853.6721433360633,0.47957572415183347
214,2852.434367300008,1005.9398548057949,0.376076194261437,0.1450834051761582,2363.5553984863104,0.18251717269635231
215,1879.6427249460326,1160.4692569646759,0.20040150597009176,0.13600070025448693,1814.243984284999,0.15994414425884337
216,3543.7513936204277,3143.7513936204277,0.27632024751167056,0.11126628927615398,3343.6399521719763,0.22242385501711076
217,2822.6760222313746,2106.73295656941,0.5204812670651415,0.4102180566089171,2234.0995653507143,0.4845173400236744
218,2371.4536726564115,1043.9829915198943,0.5739282683522839,0.5139282683522839,1366.7333430909762,0.5622229099469035
219,3853.6874974700886,3132.8577972044104,0.4103534818969556,0.3262195851847663,3423.2081165579725,0.39301242361637556
220,3964.3939335325485,3564.3939335325485,0.5053259631258783,0.4453259631258783,3598.380947452024,0.46925114954098823
221,3588.701392105791,605.9951664820046,0.4255421023293826,0.23540239791523748,3065.3145817012582,0.2643958703103781
222,2745.858723974299,1049.2512126538954,0.5270196555605315,0.1874591761529846,2293.4277974432202,0.30078021769396884
223,3606.3290730901726,1767.2347740164923,0.5555709361104735,0.16988517903732528,2724.3683525817896,0.4766825209477539
224,3717.7963917111942,1913.7528438288791,0.3723454802864554,0.2663117506414241,3712.8372120025433,0.2751121427608689
225,3504.0879136063827,3104.0879136063827,0.3993436543428461,0.2919589466484442,3129.3816966163986,0.3771018981672084
226,3473.026823174679,2061.04505070688,0.5093904315502077,0.36561411635617563,3460.1078477653073,0.49574876176755356
227,2429.9087587437084,2029.9087587437084,0.5968637040834799,0.5368637040834798,2032.2185793492022,0.5888645961709726
228,3707.6821499305634,3307.6821499305634,0.5922161862617057,0.5322161862617056,3537.0424680222227,0.5658744705990846
229,3638.3618086516344,3238.3618086516344,0.5161784203977489,0.22203734731297736,3291.2981905649135,0.2494435737821135
230,3711.487527065997,3311.487527065997,0.5521723185203599,0.47828292873237976,3322.4648998679054,0.49928860190918656
231,3502.191646496891,696.2856715927107,0.5107905903811398,0.17093058426245794,2075.3595949196674,0.19057141788352888
232,3701.8674246646597,2428.434324298811,0.26754245200398974,0.20754245200398974,2751.1755118614656,0.23221923425748872
233,3321.505308618256,1529.2632057606368,0.4784593924107733,0.27319929867602827,2925.5013724580767,0.4268569448923586
234,3416.1426115823606,1657.330445825987,0.3350298328649235,0.14793734740736653,2456.6344728418044,0.1638348977193288
235,3245.612013893086,1828.5772426260976,0.5629967760203494,0.5029967760203494,3021.253553298179,0.5201794268329627
236,3863.137752432095,2757.8720041670454,0.30685264081357044,0.24685264081357045,3659.8817618723965,0.2722246391992864
237,3022.9368253080693,1137.215880611119,0.4406079324929717,0.32570504191967803,1848.3973401649102,0.4389249399910209
238,3580.6662290205395,1399.9788410362273,0.5522970792636264,0.4810552149711208,2152.450416557863,0.5162049054753775
239,3585.6657481839698,1815.0449351158766,0.32945219543668236,0.2501871484271262,3376.242219390677,0.26392512572523397
240,1177.9188404713523,647.5666123317917,0.4634847008829898,0.4034847008829898,833.6335159078943,0.44311758474535723
241,2269.136474400653,1034.4488142663772,0.4043038356954288,0.12105899798166972,1343.167951935991,0.3875719320234846
242,2267.5834521848233,1405.208094413342,0.570508976721076,0.510508976721076,1791.7319044672447,0.5295672662312111
243,2939.2435111936447,2539.2435111936447,0.4829247343993793,0.2679118864233425,2807.8980178486077,0.31124943874626165
244,3546.8645195557538,3134.2863281581654,0.4856882424069955,0.16965816089455107,3421.276579689013,0.447451004895821
245,2263.4601720511846,1863.4601720511848,0.38563537886326715,0.25031427443582693,2091.4446045668474,0.3253294303593718
246,3909.4183551322308,3509.4183551322308,0.3631050404005466,0.2596781194916424,3752.400596914069,0.27104436617218386
247,3691.1676938789324,2468.5325911198856,0.2119642037962047,0.11029083752362637,3295.1100818022496,0.19205375854416057
248,3918.0379758595827,3518.0379758595827,0.4870851316370158,0.2641324390914152,3707.9891732709425,0.4008157638980876
249,2211.7724638402556,938.5935244733531,0.3451923857726975,0.1906948498659595,1275.5056365050546,0.32816719009247275
250,3832.3587570230247,3257.4780275669414,0.3759902233248134,0.2699346423127843,3811.6233932562936,0.3085874328505716
251,1923.393663880276,1372.9038885290645,0.5129234476775226,0.36282035952038244,1416.3320038719223,0.39276978048525285
252,3300.5644038876535,2900.5644038876535,0.45484260894646483,0.2598424847194293,3216.2707634367866,0.36883683391020383
253,2961.6155472096925,2257.03547141971,0.44493238005326796,0.1771932182141728,2287.4385989342313,0.3147517609394527
254,1984.101132030618,1235.8313227093786,0.5796132655964255,0.5023594843202439,1762.6927460918687,0.5274492647098388
255,3154.8459234854067,2463.0249660597196,0.38789612696152276,0.18610795894336182,2839.0818256741454,0.2587775336448206
256,2873.7044755840684,2444.656723886024,0.5260468191503576,0.3916621287600707,2690.8592663568515,0.4766323665005544
257,2319.1457364983403,866.2986636508782,0.5594248813723808,0.3994433342039569,1155.6018856175208,0.5423761234350215
258,2625.952210910774,2121.585105636529,0.539075667992367,0.47907566799236695,2365.7766886271434,0.4922962908391037
259,2263.1484753420896,775.064302584482,0.5739746040508075,0.46254144704826605,2195.2179267258207,0.4735478401253226
260,3629.902144646371,2261.033212569657,0.5730825504151017,0.4704915017642587,3113.701856413308,0.485375240948479
261,3944.5851605649236,3544.5851605649236,0.4804261937276916,0.12124187817429102,3695.1137708186284,0.3168156638818161
262,3009.3314093735817,2609.3314093735817,0.5434963751082527,0.4834963751082526,2631.991644898058,0.495607653006334
263,2372.9503005365596,503.5084681896671,0.24757768658543222,0.18591804383981708,1351.2028066280723,0.1954885300873193
264,3591.0349032914655,3191.0349032914655,0.2479080664209276,0.10583927692299476,3375.3499703898015,0.15870012433047467
265,3256.942963690056,1904.4331916516692,0.4675458350126309,0.23875082432525252,2423.306589534748,0.3615115867235373
266,2475.7681026355613,1282.520663429635,0.5800884887518072,0.5200884887518071,1415.7676154121987,0.5351082888556817
267,3514.6037420870252,2070.4523338511294,0.5890986616106421,0.5246292858543585,3035.2835572136282,0.5352826473492429
268,3899.9826447367723,3215.0339551184984,0.5529806603959979,0.49298066039599786,3808.060385493808,0.5276989819388752
269,2038.6097015440912,1636.188380048796,0.37035864543164604,0.31035864543164604,1721.661484460658,0.34633363133998
270,3546.236623138529,2852.7279159972886,0.25071217318693384,0.13666176383217454,3407.941765994867,0.24640210563609657
271,2566.324446320827,795.7180684038377,0.5315035533962265,0.292292504853707,1522.3626523551197,0.5024542984409028
272,3346.2544589823547,2083.2470599055955,0.5132276482901257,0.43216962673500103,2977.246174737552,0.4509731406684846
273,2908.510124152731,2508.510124152731,0.28559375522946495,0.2016153474917332,2780.677679071242,0.2437355580893657
274,3050.886439215397,1976.8954190177526,0.4392083260545749,0.3792083260545749,2561.271942219511,0.4120461571642376
275,3591.2131828832253,1433.0268168386267,0.4359657686623279,0.2015139140239862,1680.3364170779846,0.3310826712269343
276,3662.258205709807,2445.3621563214024,0.5217559102578104,0.4617559102578105,2882.7902618715866,0.5039033577727658
277,2748.712613057513,2083.2576952625395,0.33176606539174724,0.0890202577597862,2256.2263095228273,0.1036886586373587
278,2996.7690234966653,943.8867704324267,0.5189476393097854,0.33580633382604747,1855.386569940641,0.3890985191246641
279,3205.981423071577,2805.981423071577,0.42814118991351674,0.36814118991351674,2870.1866576437924,0.411976296982444
280,3376.6064364211925,1525.5620808977403,0.564016429957186,0.2992903679563523,2958.987681659244,0.4657847912284647
281,3925.1991720011147,3315.503248505039,0.5335592645799696,0.16417608760662478,3487.2699164200885,0.21877639132526733
282,3679.011892168068,2786.206986436977,0.5191197342716973,0.45911973427169733,2876.010428145247,0.5057444428985338
283,3242.8561760933817,2130.9089873214944,0.4254974170874679,0.3595098117095916,3148.8550482524092,0.41584152362998206
284,3679.0319632598453,3191.5857696638577,0.5266341993073277,0.4037339122105941,3411.1488785582737,0.46266957521835095
285,3695.7571688006137,3295.7571688006137,0.48114822456510475,0.36531341013308116,3378.7082712182737,0.42516129496356636
286,3101.107434606396,2701.107434606396,0.5573584667958809,0.27799405932828386,2846.8059505443125,0.46750562176376353
287,3011.477476985926,2559.000943766962,0.15995922266873977,0.07603607395716717,2868.17967414275,0.13767377382241358
288,969.4793525197512,569.4793525197512,0.39717398201891335,0.32648313989003036,693.7102092745931,0.3805530826380543
289,3270.7506284111205,2870.7506284111205,0.5938231844623978,0.5338231844623978,3052.55137710854,0.5600648176371819
290,2623.3954055467066,1729.4171721221237,0.3954194159455745,0.3049360766626385,2590.416778007662,0.3868746407768896
291,2934.501758144476,2208.4386396931986,0.5554858973514333,0.19758905030346166,2465.762046874846,0.5310038927698326
292,3695.9969899125117,2758.342623424754,0.3915385910309951,0.10626034876630933,2972.2540316412274,0.2506641068955653
293,2944.876791316334,2544.876791316334,0.49567534299640137,0.12444767179083494,2785.0095870941786,0.18953770903728617
294,3283.6667272754894,2403.3404784376717,0.45698415999173747,0.3969841599917375,2640.1188584122983,0.43488802203189364
295,2943.121149509643,1630.4176719149607,0.4405227581603117,0.17014385310774785,2596.2470070413046,0.3270965280753586
296,3874.5757236389213,3474.5757236389213,0.5608036530986646,0.5008036530986647,3478.0421108197806,0.5054324116236392
297,3885.3091752367677,3190.1235763207114,0.5890885061961277,0.5290885061961278,3644.464425341631,0.5436731328190453
298,1422.37175178496,967.0955071756125,0.5690848135507951,0.3585476887386853,1209.5237478435658,0.5118386284410081
299,3233.6330729872157,1918.6913659521163,0.5075061962171171,0.4475061962171171,2108.0775436063236,0.4868613363591666
300,3306.085496481249,2906.085496481249,0.4850218629752159,0.09863075699732575,3090.044905513941,0.3912936633706225
301,3455.4596817149977,1661.9629975718433,0.507872865261893,0.447872865261893,2323.185400802694,0.4487538087867965
302,3652.228982568859,546.8349374961116,0.4792133146995533,0.39231180240619706,2740.0405214394937,0.4270015402692153
303,2628.1463306626974,496.8858297384288,0.5512721898170697,0.4178328814241673,1416.9045574893028,0.4353641221017513
304,1220.7691186288764,742.9365479696157,0.5395532946984196,0.4543999014823682,1158.7229601389447,0.5225465550447013
305,2720.236777966675,2320.236777966675,0.5584862131100166,0.44234112477525456,2591.284291689923,0.46568390623067096
306,3612.0517303660026,2582.8063835007524,0.29404825770653376,0.12109976670794835,2965.180266481224,0.1502596107256844
307,2481.059494630196,738.9779936695769,0.35808861236996675,0.11828586165862233,1095.6998259566412,0.11915932060724595
308,2650.888458814724,1841.031855013056,0.49187153207580897,0.09621462151150756,1856.7688643326046,0.44251791822851083
309,2437.735716479873,1833.6597787699595,0.39668347503490275,0.1288482691632884,2404.0792069540053,0.27481485543097195
310,3865.9289426187534,3465.9289426187534,0.5551712846269734,0.3219913044855809,3789.056070725055,0.5002337827745091
311,2996.562314404259,2596.562314404259,0.48317793789702734,0.3864107253013094,2621.3779154396943,0.4237558868789234
312,2778.682529896486,598.5996031250138,0.543805023128237,0.3865812932926241,871.4182197483265,0.43766090430692395
313,3581.4807097616012,3043.525723203243,0.4520928373208568,0.15393906985500713,3551.5880844078333,0.17845368350575863
314,3254.393053364555,1137.1912619013096,0.4453373380135542,0.2454936622695459,1550.986979614148,0.2561077575756724
315,2813.841749270431,722.2208848868124,0.34551424304530376,0.18298460264320596,1815.7771052600333,0.24118166791160106
316,3655.3522900308626,2575.9161015472023,0.5444637763346718,0.48446377633467186,3224.655219735499,0.4988229240261031
317,2548.8028547584745,747.7608903310835,0.44427765805523406,0.38427765805523406,2465.9082212283106,0.42074446669105425
318,3137.880468280179,2232.616862352497,0.3979734156577083,0.3379734156577083,2472.0351309225684,0.33816334302072476
319,1946.0209135866942,1546.0209135866942,0.4193070422406395,0.24542989867916754,1857.5172714694943,0.2613633211054391
320,2641.122955263083,1846.303193675883,0.5419648163639588,0.15818795653264886,2260.3359885413283,0.39998681401830366
321,1117.4267061422813,611.195323788533,0.5399357504444868,0.4052656694917859,768.1496528666764,0.5316532763946857
322,3875.137007787718,3475.137007787718,0.4093767755738757,0.12603126119652158,3810.630162915479,0.39733881765502554
323,3144.208769787932,2406.844405226296,0.4098492221322232,0.15888992956313971,2592.686040973781,0.23778369706233993
324,3447.4361523288217,3021.048890576882,0.39150768541700964,0.30514767312926405,3204.588665824714,0.3158208857657006
325,2127.5479704248173,640.4234012287006,0.5359131969075434,0.41945360048145164,884.8436533172254,0.5272235785482526
326,3664.654155251637,2406.915509830095,0.3387845364749797,0.0821575736088574,3520.396489082395,0.09203146921977358
327,3221.4678862657647,2682.8488189642417,0.558013920761991,0.46626604334764493,2907.9486022126534,0.5535342402480001
328,2694.1669673724236,1960.4288625413544,0.2844782342183442,0.14908990529736402,2568.6857413554317,0.20821824734582364
329,2249.5255702106433,1425.4871640543054,0.5445700800605418,0.48457008006054175,2090.5103139169364,0.5029250269119888
330,2762.2531878792215,1973.0981400098408,0.20716553380173047,0.10108487775655987,2254.9723113549835,0.1803520005860417
331,2030.3871471885725,1108.8286621101188,0.42078726286338813,0.36078726286338814,1417.8417316953417,0.3883423450277925
332,2391.218495828588,721.3979749010027,0.512719679357577,0.38616742306717283,1816.926605255358,0.39384839749346523
333,3910.7439775779253,3510.7439775779253,0.369552163190545,0.309552163190545,3747.43867198269,0.3184196570128684
334,3983.8515423230733,3583.8515423230733,0.5480975682058963,0.48315414448403143,3821.974303625737,0.5189646393206354
335,3125.938388674041,1129.310845182259,0.5312422614038854,0.45635520187093437,1193.452916444192,0.5230932774123694
336,2927.979308329412,2527.979308329412,0.28648809759981636,0.12354304864211581,2818.3633487039733,0.14595419687055264
337,2565.779600073183,1616.0414709778906,0.4642555517726007,0.3332022708025466,2159.9901606456588,0.4383573388858175
338,3833.276072529152,3433.276072529152,0.4973520930512889,0.4373520930512889,3768.0525903800267,0.47770185543224675
339,3252.4054312942453,1656.413908021193,0.5489677741674188,0.13505568533695328,2551.008231099469,0.18796284893741788
340,3599.9413263493916,3199.9413263493916,0.5373843818072785,0.4050244669002055,3588.330378030714,0.49628235755881
341,3338.5679964198803,1610.1350252135135,0.53617438580394,0.4289938988978766,3265.6886805746008,0.46537097339882977
342,2902.6771182704824,2138.1328318654487,0.36234510750589966,0.07314263165031062,2674.8718456941933,0.3145610389782906
343,2915.7411409529814,761.4999257723296,0.38218369147452996,0.14302700959922102,1730.4680892558358,0.16576695132934252
344,3734.7962546701765,3334.7962546701765,0.45572287406575357,0.3492030584955882,3467.279688633818,0.4413243922503337
345,3196.5415341638686,2270.2904578068838,0.3485344061245834,0.1337310344879343,2808.7433292379064,0.2336231883234059
346,3095.8776151231586,2695.8776151231586,0.5080440352465996,0.20296165908403668,3077.0378018551783,0.31207593854363724
347,3132.063312592395,996.6621472845973,0.5585958742649546,0.4985958742649546,2052.799449122004,0.5373266951617185
348,2427.2721053541854,756.4960024073597,0.5221284247639801,0.35987571150540065,2292.117921099325,0.5053969758124779
349,3272.256828970658,1706.126002853416,0.5439882339058325,0.10140987999854613,2680.972649111356,0.239029773970098
350,3709.886092785656,1480.1751121274658,0.5754480316813688,0.3985886651016097,2334.09109333802,0.5398923908884077
351,2235.483148738194,1835.483148738194,0.5470520019873948,0.10991121065311714,1979.5803943795415,0.14431809811360974
352,3792.7193380549616,2330.959834520742,0.21344555325746217,0.1109409916942525,2881.2710000538755,0.18752745261353465
353,3190.3646513376216,2561.0341329865905,0.4358748029659035,0.3702239953236364,2926.478373304136,0.4337955917852244
354,3808.7187988548408,3408.7187988548408,0.5788740054684949,0.5188740054684948,3528.479467421499,0.5194143788312598
355,3087.5752785504324,1029.2885551231043,0.5328891204551962,0.4728891204551962,1986.9506684388575,0.48145047084572584
356,3767.0801674895565,2484.9951153398733,0.4819180474967645,0.21727239231528128,3187.3503654151464,0.3471305553700045
357,3215.17178314096,2815.17178314096,0.33966730048101296,0.25071185458813394,3110.5690973421015,0.3317158314379955
358,2543.8077944289166,2143.371872331013,0.5817836896685669,0.5217836896685669,2184.4156028369757,0.5548938641978407
359,3235.220685296966,2835.220685296966,0.3558208866551298,0.2817463353880653,2964.2191987527062,0.35341803027240903
360,3725.6276510864745,2240.2783139419375,0.5182196924519139,0.3958615196882311,3287.050932214507,0.47609903106009543
361,3407.1297697768846,2325.906474322561,0.43854083932335847,0.11341542356616584,2692.371135977296,0.1368885316148096
362,1757.3536970452158,1357.3536970452158,0.46369790502800884,0.40369790502800884,1710.743550549408,0.4223839311392616
363,3645.339617056327,2165.265656224253,0.3033021193562969,0.19625054535700925,2662.1208023224567,0.2892084616665572
364,1687.7419537659075,1069.4362010839059,0.46390483513380815,0.3828906452791522,1123.3919522960514,0.43449669629206183
365,3200.565177652473,1634.1031029776718,0.46450376302765445,0.22774857257616274,2135.3859313941557,0.41421118396395296
366,2849.949599821217,1568.3880663967514,0.2905730316172209,0.14790127942171827,1875.4923303754113,0.284137912870089
367,3075.1273065613104,1168.0240888775925,0.48784096757459405,0.42784096757459406,1214.582608122831,0.42822834345194866
368,2671.9690536764024,2126.1291738569143,0.5479368018522235,0.48793680185222343,2150.9325097748333,0.5036339959210286
369,2409.981069309197,707.0496503674866,0.5129415036478873,0.2889806471261936,2297.0549779368394,0.4708740378267718
370,3251.4155891340442,2851.4155891340442,0.43341373045823367,0.3557545305165535,2859.130650663751,0.39436705989012766
371,3018.4257163349457,2462.840418820813,0.4580593776675177,0.3795781556251026,2674.1693603037484,0.383941008746905
372,3930.915749720691,3464.746724545947,0.5643658770519634,0.4484824233364018,3771.589892989674,0.5212991308148578
373,3743.7269180825597,3295.2144720834044,0.22308622291999924,0.08386453666691422,3410.9283995899254,0.1381650735936113
374,3268.0637884166877,2095.806915612983,0.4109532054175381,0.22152673915219925,2606.7094274146343,0.2373113651407579
375,3264.634031301436,1044.1481917669355,0.3846788164757991,0.09509160527831689,1157.6846198286216,0.3689629923782119
376,3309.4814810754615,2606.6213183010864,0.5453866052800639,0.13504893802881526,3240.6019207278705,0.5131912412495039
377,1960.4387244370237,936.9665435670804,0.48663675152186486,0.31492669651586797,1813.7606088350244,0.4118224904450727
378,3450.4395747770564,3050.4395747770564,0.42357429110793204,0.08668143239992641,3193.36542431146,0.3585072770570569
379,3319.7622791213607,2919.7622791213607,0.49372848730196506,0.2961967858211055,2923.885986889198,0.31330690940881945
380,3476.5091474308733,578.6032452019776,0.36994806200601515,0.2569343298938715,2823.1228997555518,0.29546775338191633
381,3820.773390956631,3420.773390956631,0.12901472233349925,0.06901472233349927,3763.3196380123513,0.08599874244491114
382,2491.631843641178,2060.034782873756,0.544053545621221,0.36461380116780295,2114.750271924341,0.4224425183289147
383,1769.8651958386424,492.17165994951057,0.5313527506322882,0.4056966732286933,1614.4183877159264,0.483266258052855
384,3437.293330027386,1879.9866226520708,0.2701908950845407,0.12299463958450689,2404.912077823811,0.24887805385869666
385,2940.716217039453,2474.4252954654744,0.54912738151365,0.48912738151365004,2737.837609930033,0.5446117422600245
386,1838.4462494600662,719.5884799812965,0.5687906510513601,0.5087906510513601,785.2007435380262,0.566775513021986
387,2770.8754799842723,812.653082037742,0.5322361389825179,0.19815684425759741,905.0493052323864,0.3156696448924988
388,3821.302304736714,3421.302304736714,0.5790549777368228,0.4984428421939862,3682.888118646466,0.573458862255722
389,1274.1471072968316,634.3498846584421,0.5505684133689261,0.47249203675016427,775.1823696329101,0.5240405528864863
390,3525.0468644402463,719.4295337232916,0.5362026966753144,0.47620269667531434,2368.9914017987435,0.47756046636041993
391,2217.161987731008,1655.0787463846018,0.5078596865833218,0.24735739958003716,2207.1355763203956,0.4290473792410928
392,3549.855199728907,3143.387837607225,0.37244796772360145,0.21249493969873484,3171.846513576753,0.23405388365289864
393,2729.9192461361176,1962.0442934129214,0.5373263592201394,0.35366104810289667,2220.265731234934,0.4654692254340149
394,3003.448271521512,2603.448271521512,0.15972939946031686,0.08064424965928516,2866.1655624800214,0.09332469504208045
395,3400.8119899057438,2026.6675899101078,0.5117021463541849,0.45170214635418493,2570.7235108851282,0.46393870517869445
396,3944.086912835906,3544.086912835906,0.4802234456948682,0.13955653430342146,3646.757508285122,0.1785048319151939
397,2858.170916961277,2458.170916961277,0.5144668556328815,0.2596056950869191,2570.817847187376,0.4321739389779309
398,3716.416269299194,1904.1583630344112,0.529501149508953,0.18037769565912778,3090.2519910726332,0.3184993977573515
399,3413.5283774601735,3013.5283774601735,0.38757997932499244,0.17450183792958807,3231.109537389506,0.25265987852947813
400,4007.1838405838357,3607.1838405838357,0.4392648342278881,0.3100330826585765,3692.942097714236,0.3984818973245976
401,3122.5256859798997,1147.5896323734867,0.5128398998266122,0.29955638514503763,1647.5650071204793,0.3509512007518326
402,3522.6304485427304,687.1065657170647,0.5671175386415531,0.37973383094080515,2606.0039177775834,0.3982764892176667
403,2970.8210706040127,2249.8279018171816,0.3473219823436337,0.10272342864905848,2555.12887383621,0.33243146393855444
404,3508.059037664434,3074.2247427926427,0.42543390066579884,0.3004847943386526,3478.4214542379545,0.37392231646997426
405,3570.416674589921,3170.416674589921,0.5167047427584837,0.3933045736479892,3190.454754250917,0.469248405393466
406,3732.912967453547,2803.0028042578465,0.5150229295651556,0.36664361915585364,3624.461978489413,0.3708645491516148
407,2972.2036646430997,1079.6317980854642,0.5629293594424973,0.5029293594424973,2745.0834983803134,0.5445322549542694
408,3191.002833504587,1240.3691506784257,0.4303208352477954,0.19245014806826674,1575.7109184469691,0.22692960556316888
409,2873.809554749079,1555.3643250612215,0.5909149060381016,0.5186723505996286,2387.6564094597907,0.5475627643245448
410,3624.095747217615,3224.095747217615,0.5788690874441788,0.5019277005534419,3329.0336179145793,0.5328581246510898
411,2678.0048845245055,689.4806798101911,0.5519294611820903,0.15048203656698894,693.0021553216824,0.5410260365157702
412,2730.968482869758,2184.4374403659654,0.38999360671671973,0.24106813599861832,2520.3896203506984,0.32369732876584567
413,1848.485683164243,1448.485683164243,0.4441247804389488,0.17676323966767304,1693.439519980701,0.3800476799244352
414,2287.8805524719996,1746.156136745571,0.4663603467237174,0.29109835885271057,2200.7971585062805,0.3838473371722201
415,3380.684547168399,2980.684547168399,0.47562341531579355,0.261834658770437,3111.979388616585,0.3350887805609356
416,3079.540125438221,1038.3078834950602,0.4738786999713732,0.13193703267314802,2303.288622385294,0.2888728726884713
417,3922.67917476887,3522.67917476887,0.545221622378709,0.3031312211654851,3820.8899066523954,0.3957761229892432
418,2587.6581376246913,2187.6581376246913,0.5473467712415273,0.3295387964227988,2451.655305946055,0.3641175741951441
419,3923.050007773285,3523.050007773285,0.3708107137429778,0.3108107137429778,3641.7386645092165,0.35418951710018526
420,3809.547851484102,3409.547851484102,0.43562213238984243,0.10228944772835273,3696.638339485994,0.10555911678091116
421,3725.4862310058784,3095.8139455919736,0.5861446875328472,0.5177069334522953,3592.796448991886,0.5602464260586549
422,2533.8482793365183,1956.6311517850552,0.43063098680924405,0.37063098680924406,2016.1079109844384,0.42146919638589625
423,2523.043558276275,1764.8645647588944,0.45172731592163046,0.3432172139261785,2305.8201777651125,0.3653892407259301
424,3581.9448829471544,2381.1948651330254,0.36246148592100813,0.26581213429714595,3408.0195740443096,0.26832391187567184
425,3004.8747162848776,1699.570435888497,0.5466940292971688,0.4866940292971688,2930.58730907719,0.5373821325174089
426,3276.0454627700556,1294.364007563221,0.5885820442026792,0.5285820442026792,3257.7173445378457,0.5826133021097969
427,3628.146188429595,2465.7705345462177,0.5602702826546954,0.3964288381309277,3506.6726069352653,0.526783776633871
428,3324.082901539553,2318.957867578803,0.35181539279091545,0.24231496417134762,2704.805346812149,0.32002616806145445
429,3585.1083689903016,3185.1083689903016,0.5263909682967282,0.32133555801298497,3226.3248464010885,0.3493898173910115
430,2508.827005337311,1687.2635317902914,0.5846441130231076,0.5164066648033125,2212.7801580063506,0.5662117096816803
431,2532.7724124210254,1206.249650777309,0.4065388818722657,0.1355337745989283,1356.8040944845302,0.22631648243081542
432,3776.9576582671734,2288.461057121448,0.5154570583886168,0.18364454014527012,2851.2143686265954,0.32717430144241366
433,2362.9942785903577,807.6539543000197,0.5267453464234134,0.3754945055118048,994.6383619610181,0.44138041610934386
434,3626.296411755999,2975.061284719843,0.5315077914586853,0.44178819070300224,3196.132059172882,0.44303114849190767
435,2048.818588225955,1400.342912616423,0.5477554547479764,0.4650258419742425,1648.8526238967042,0.4935442649312501
436,3925.93966469796,3514.0797360959914,0.5801017908180357,0.5201017908180358,3576.105039437406,0.5280425071979475
437,3783.6425667247213,2916.0948153218683,0.5283523644493825,0.43221180335141435,3478.8430880322676,0.4794618053426792
438,3253.2030422270554,1019.0551863619352,0.5280495918855506,0.39655601827966275,1943.6554222823675,0.5074431722447283
439,3754.73692610345,3299.815998502628,0.3453337468829001,0.06994028256317181,3572.649535619736,0.07742609960657425
440,3674.9072849087493,3031.4962793255445,0.4933290087582216,0.12001997000868163,3167.786201447605,0.16607834610004807
441,3712.933429000238,2922.71091086441,0.30970924725297877,0.13312959271993263,3452.8499552392764,0.2149380464637659
442,3071.149730807382,1743.6284433954484,0.4834649418974562,0.4185577832758521,2451.803961954588,0.437075112480642
443,1274.6218460920732,498.95606072105085,0.46259787828064014,0.24927519452234628,879.8435323495836,0.3713176875383395
444,3413.6235881512184,1610.9482926009857,0.5214505000410539,0.4614505000410539,3405.8694443980894,0.5080724085389086
445,3206.8991142535897,674.8704616072405,0.5098517335218636,0.3520900893216498,2394.297470026825,0.39271809217037296
446,3889.7162469950663,3281.594511181843,0.32201133459040787,0.1824587183330259,3580.6805343780225,0.18937766851217486
447,3817.0356211012304,2282.4219442191156,0.4996101270911701,0.4396101270911701,3669.5601255820957,0.44043152143549624
448,2888.6071282435655,2123.722147925442,0.4806076723511235,0.4206076723511235,2343.516820394713,0.4776636884493503
449,3222.8188252490318,2822.8188252490318,0.48237169138947,0.30198847291532827,2892.714837208741,0.39245058210035455
450,1949.7149330296056,1425.6548060850578,0.5133974947329276,0.2038013141550902,1432.4859296021305,0.2985435522589774
451,3596.6080278781387,3196.6080278781387,0.5007605436323725,0.43518851429252403,3512.089845973205,0.4916760403294778
452,3507.138593929665,3107.138593929665,0.5146198354227454,0.20848239701935645,3115.8168374817933,0.306802189815818
453,3207.063298492376,1136.086033195738,0.5256306484048193,0.4614950311464269,3196.194705524794,0.5109794220134872
454,3616.427429377195,3216.427429377195,0.4483610524209585,0.09223057843886326,3402.1645316131967,0.15087686894647942
455,3227.254093409974,1026.7632344662056,0.564725338441546,0.44026693414095486,1607.9954732299577,0.4818816350386208
456,2495.9883380102947,1104.7338989782143,0.5434407110743618,0.48344071107436176,2020.3549875650835,0.5331522511458704
457,3652.2713133610027,1953.4707700816407,0.5901745618246336,0.5021525451710799,2860.2284668714683,0.5252771961348948
458,3842.106313409558,3266.0613134605824,0.5253212467793427,0.4484348078030898,3575.0625929175667,0.4936697929370782
459,2032.8602519927629,777.307591609019,0.4267600888154454,0.0768596437342926,969.7318591608646,0.41671819636110624
460,3493.28674795802,1007.7194233446751,0.5523257821293874,0.13714561928214475,1569.611919173095,0.20489282167243023
461,3692.0731979682664,2624.7565614761716,0.5432266711648811,0.38264893965086194,3193.439106143581,0.49202833172074206
462,3234.342823034971,954.5456872602393,0.5085961841489524,0.4471058907634053,959.4392382362312,0.4614602320815835
463,3986.780394262799,3586.780394262799,0.46921365863985093,0.1836035878603135,3732.8591238249983,0.365718738271283
464,3673.713751736682,1418.838211651851,0.5676039909923742,0.5004255915776119,3384.515850443957,0.5015353591024982
465,3255.880230142047,675.4771416641065,0.3800546844564885,0.24399149856678085,2574.5314727610803,0.25467629794307794
466,3707.556842065005,3307.556842065005,0.5940144937254968,0.5340144937254968,3331.5535158785337,0.5861060175132962
467,3684.1028583518087,1540.9172909188237,0.4804168030254143,0.3745944535018185,3339.1961181113766,0.4643314591783209
468,2094.588548195706,1155.1698490597103,0.55574084402793,0.4387085250969568,1537.8790667592589,0.4964330002609916
469,3076.276361728207,2440.4824269062206,0.485492385168491,0.425492385168491,2525.629089517283,0.4549187169858217
470,3402.015047825479,1141.0482844744001,0.4844597583829186,0.2997617570128246,3003.1656262119304,0.306082293177991
471,3598.1877917470338,1512.570959665258,0.4915428944552297,0.3473997990739924,2809.33633803032,0.3592853935350159
472,2254.5832686593326,1274.1035596258648,0.5711293112979372,0.47512785146981823,2167.7674432861972,0.5176167472587202
473,1745.6176922566574,1154.4177945118538,0.5074170858407627,0.17468882244491427,1623.7765340045569,0.17517337738790914
474,3789.745566438034,1986.2970827087076,0.4381823310751298,0.1737010327880049,3631.458605349493,0.3335498533606627
475,3626.0543419921532,3089.377046274263,0.5012390863300944,0.2865588005608583,3337.0840878929425,0.46727878451555116
476,3117.8405859098452,2506.328278128527,0.46407067985769207,0.10868998348807007,2666.299942483311,0.38969973927914847
477,3328.650847656312,1917.9227066010512,0.32616030066479595,0.1675750858097458,2267.5112029788766,0.2633228459630107
478,3026.9684845084707,1080.0671410716345,0.5128859967002799,0.45288599670027996,1289.0715550007144,0.459791477828499
479,3021.735696093299,567.8452117779943,0.3667138593612429,0.16874740361183013,2595.285570401741,0.23132892707870467
480,3585.8076458184514,2842.1822636365087,0.3634715265442931,0.2993544119206895,3526.9331052185157,0.32056349864156625
481,3540.2594636871036,2463.266962593842,0.3129437092146457,0.23542713334965648,2637.952969400285,0.30912921389387893
482,1676.1422703922126,780.4285420116397,0.2238084827577235,0.1523363520048205,1094.3230374315153,0.21896017307245347
483,3331.3908913711302,2600.416257085361,0.4768173495003286,0.26602383922426237,2806.9004471463427,0.4277688702160539
484,3337.1929435324173,2750.3827606373957,0.5078049480328621,0.4478049480328622,3022.888107576262,0.4890924875700151
485,3895.3777043109794,3031.8332370919447,0.5574785480401465,0.49198493374041835,3243.726611884663,0.5460678781735472
486,3313.0223829709657,2913.0223829709657,0.4097691837879972,0.28636141919313746,3197.0012618792284,0.32857744596460253
487,3759.777247319264,2056.9808884825243,0.5640490840607113,0.5040490840607114,2512.9876719316726,0.5428224543134285
488,2620.021870553908,2220.021870553908,0.5108192838146545,0.370843723928998,2234.4536810860777,0.3841058277399607
489,2487.6433872588823,2087.6433872588823,0.432546395492471,0.21135886152894237,2468.510433157748,0.40864978469471624
490,3382.6370262745754,1328.3040655517534,0.5952567256020549,0.5352567256020548,2635.5492499187544,0.5882906637981586
491,2912.093756400738,2342.55178944234,0.4721335880428159,0.21328904452186695,2772.3176226590663,0.40503757907442395
492,3664.1230416646385,3264.1230416646385,0.4740676193965607,0.30919080645239416,3357.2289049569804,0.32506578959714494
493,3337.838679512808,1897.8933535982655,0.5160194628158381,0.3397901715880819,2205.4471409195435,0.3803464794650712
494,2489.919835492365,2089.919835492365,0.16089839912040355,0.10089839912040356,2289.7651229227895,0.1173387843295533
495,3290.0217032250216,853.7795163571456,0.5010520773896807,0.3198661060183519,1303.74314469203,0.33616075918973765
496,3090.4636380016223,2165.273150734409,0.47880662020517917,0.3999885616881693,2586.979515427848,0.45129926021200983
497,2553.862140303933,2153.862140303933,0.5878414753495882,0.523074729811672,2403.167882277446,0.572461366700417
498,3327.9507947894845,996.6409921005522,0.23974879098485039,0.1527005617187935,1081.4786610470019,0.23777733454290562
499,2289.4343381833323,1889.4343381833326,0.30692881751573875,0.20716058200661985,2149.687845582716,0.2115446807859448
